{"cameraMode":{"drawMode":0,"name":"Shaded","section":"Shading Mode"},"sceneLighting":false,"audioPlay":false,"sceneViewState":{"m_AlwaysRefresh":false,"showFog":true,"showSkybox":false,"showFlares":true,"showImageEffects":true,"showParticleSystems":true,"showVisualEffectGraphs":true,"m_FxEnabled":true},"in2DMode":false,"pivot":{"x":-3.005075454711914,"y":-0.10000011324882508,"z":0.0003172159194946289},"rotation":{"x":0.6364920735359192,"y":-0.017347700893878938,"z":0.014325533993542195,"w":0.770959198474884},"size":8.159345626831055,"orthographic":false}