{"cameraMode":{"drawMode":0,"name":"Shaded","section":"Shading Mode"},"sceneLighting":false,"audioPlay":false,"sceneViewState":{"m_AlwaysRefresh":false,"showFog":true,"showSkybox":false,"showFlares":true,"showImageEffects":true,"showParticleSystems":true,"showVisualEffectGraphs":true,"m_FxEnabled":true},"in2DMode":false,"pivot":{"x":-0.016243159770965577,"y":0.19873324036598206,"z":-1.7881393432617188e-7},"rotation":{"x":0.6364920735359192,"y":-0.017347700893878938,"z":0.014325533993542195,"w":0.770959198474884},"size":0.4374302625656128,"orthographic":false}