{"cameraMode":{"drawMode":0,"name":"Shaded","section":"Shading Mode"},"sceneLighting":false,"audioPlay":false,"sceneViewState":{"m_AlwaysRefresh":false,"showFog":true,"showSkybox":false,"showFlares":true,"showImageEffects":true,"showParticleSystems":true,"showVisualEffectGraphs":true,"m_FxEnabled":true},"in2DMode":false,"pivot":{"x":0.10297781974077225,"y":-0.3021078109741211,"z":-0.19014319777488709},"rotation":{"x":0.1940564662218094,"y":-0.6775158643722534,"z":0.19254955649375916,"w":0.682818591594696},"size":2.026113510131836,"orthographic":false}